1,20.000000
2,20.844500
3,21.724600
4,22.641900
5,23.598000
6,24.594400
7,25.632800
8,26.715200
9,27.843200
10,29.018800
11,30.244100
12,31.521200
13,32.852100
14,34.239300
15,35.685000
16,37.191800
17,38.762200
18,40.398900
19,42.104700
20,43.882500
21,45.735400
22,47.666500
23,49.679200
24,51.776900
25,53.963100
26,56.241700
27,58.616400
28,61.091400
29,63.671000
30,66.359400
31,69.161400
32,72.081700
33,75.125300
34,78.297400
35,81.603400
36,85.049000
37,88.640100
38,92.382900
39,96.283700
40,100.349200
41,104.586300
42,109.002400
43,113.604900
44,118.401800
45,123.401200
46,128.611700
47,134.042200
48,139.702100
49,145.600900
50,151.748700
51,158.156200
52,164.834200
53,171.794200
54,179.048000
55,186.608200
56,194.487500
57,202.699600
58,211.258400
59,220.178600
60,229.475500
61,239.164900
62,249.263400
63,259.788300
64,270.757700
65,282.190200
66,294.105400
67,306.523800
68,319.466500
69,332.955700
70,347.014400
71,361.666800
72,376.937900
73,392.853800
74,409.441700
75,426.730000
76,444.748300
77,463.527400
78,483.099400
79,503.497900
80,524.757600
81,546.915100
82,570.008100
83,594.076200
84,619.160500
85,645.304000
86,672.551500
87,700.949400
88,730.546300
89,761.393000
90,793.542200
91,827.048800
92,861.970200
93,898.366200
94,936.298900
95,975.833300
96,1017.037000
97,1059.980500
98,1104.737300
99,1151.383800
100,1200.000000
